<?xml version="1.0" encoding="UTF-8"?>
<project-private xmlns="http://www.netbeans.org/ns/project-private/1">
    <editor-bookmarks xmlns="http://www.netbeans.org/ns/editor-bookmarks/2" lastBookmarkId="0"/>
    <open-files xmlns="http://www.netbeans.org/ns/projectui-open-files/2">
        <group>
            <file>file:/C:/Users/matheus.sartori/Documents/NetBeansProjects/FireGames/web/js/view/PaginaProdutoView.js</file>
            <file>file:/C:/Users/matheus.sartori/Documents/NetBeansProjects/FireGames/web/js/controller/VitrineControllers.js</file>
            <file>file:/C:/Users/matheus.sartori/Documents/NetBeansProjects/FireGames/web/js/controller/CarrinhoController.js</file>
            <file>file:/C:/Users/matheus.sartori/Documents/NetBeansProjects/FireGames/web/js/model/Carrinho.js</file>
            <file>file:/C:/Users/matheus.sartori/Documents/NetBeansProjects/FireGames/src/java/br/senac/tads/pi4/firegames/Servlets/ProdutoServlet.java</file>
            <file>file:/C:/Users/matheus.sartori/Documents/NetBeansProjects/FireGames/web/js/view/MenuCategoriasView.js</file>
        </group>
    </open-files>
</project-private>
