<?xml version="1.0" encoding="UTF-8"?>
<project-private xmlns="http://www.netbeans.org/ns/project-private/1">
    <editor-bookmarks xmlns="http://www.netbeans.org/ns/editor-bookmarks/2" lastBookmarkId="0"/>
    <open-files xmlns="http://www.netbeans.org/ns/projectui-open-files/2">
        <group>
            <file>file:/C:/Users/efeit/Downloads/Proj/FireGames/web/checkout.html</file>
            <file>file:/C:/Users/efeit/Downloads/Proj/FireGames/web/js/view/CarrinhoView.js</file>
            <file>file:/C:/Users/efeit/Downloads/Proj/FireGames/src/java/br/senac/tads/pi4/firegames/Servlets/loginCliente.java</file>
            <file>file:/C:/Users/efeit/Downloads/Proj/FireGames/web/style.css</file>
            <file>file:/C:/Users/efeit/Downloads/Proj/FireGames/src/java/br/senac/tads/pi4/firegames/DAO/ClienteDAO.java</file>
            <file>file:/C:/Users/efeit/Downloads/Proj/FireGames/src/java/br/senac/tads/pi4/firegames/Servlets/pesquisaCliente.java</file>
            <file>file:/C:/Users/efeit/Downloads/Proj/FireGames/src/java/br/senac/tads/pi4/firegames/Servlets/Vender.java</file>
            <file>file:/C:/Users/efeit/Downloads/Proj/FireGames/src/java/br/senac/tads/pi4/firegames/DAO/VendaDAO.java</file>
            <file>file:/C:/Users/efeit/Downloads/Proj/FireGames/web/checkout2.jsp</file>
            <file>file:/C:/Users/efeit/Downloads/Proj/FireGames/src/java/br/senac/tads/pi4/firegames/DAO/ProdutoDAO.java</file>
            <file>file:/C:/Users/efeit/Downloads/Proj/FireGames/web/cadastrarCliente.jsp</file>
            <file>file:/C:/Users/efeit/Downloads/Proj/FireGames/src/java/br/senac/tads/pi4/firegames/Servlets/meioPagamento.java</file>
            <file>file:/C:/Users/efeit/Downloads/Proj/FireGames/src/java/br/senac/tads/pi4/firegames/Servlets/cadastroCliente.java</file>
            <file>file:/C:/Users/efeit/Downloads/Proj/FireGames/web/compra.jsp</file>
        </group>
    </open-files>
</project-private>
