{
    "section": [
        {
            "name": "Ação",
            "data": [
                {
                    "sku": "1",
                    "url": "#",
                    "title": "Marvel's Spider Man",
                    "description": "Jogo do Homem-Aranha",
                    "image": "homemaranha.jpg",
                    "preco": "179",
                    "shortName": "Spider Man",
                    "ratings": "5",
                    "estoque":"10",
                    "imagensCarousel":["homemaranha.jpg", "homemaranha.jpg", "homemaranha.jpg", "homemaranha.jpg"]
                },
                {
                    "sku": "2",
                    "url": "product-details.html",
                    "title": "Call of Duty: WWII",
                    "description": "Jogo do Call of Duty",
                    "image": "cod.jpg",
                    "preco": "199",
                    "ratings": "5",
                    "estoque":"10",
                    "imagensCarousel":["cod.jpg", "cod.jpg", "cod.jpg", "cod.jpg"]
                },
                {
                    "sku": "3",
                    "url": "#",
                    "title": "Grand Theft Auto V",
                    "description": "Jogo do GTA",
                    "image": "gta.png",
                    "preco": "199",
                    "ratings": "5",
                    "estoque":"10",
                    "imagensCarousel":["gta.png", "gta.png", "gta.png", "gta.png"]
                },
                {
                    "sku": "4",
                    "url": "#",
                    "title": "God of War",
                    "description": "Jogo do God of War",
                    "image": "gow.jpg",
                    "preco": "199",
                    "ratings": "5",
                    "estoque":"10",
                    "imagensCarousel":["gow.jpg", "gow.jpg", "gow.jpg", "gow.jpg"]
                }
            ]
        },
        {
            "name": "Esportes",
            "data": [
                {	
                    "sku": "5",
                    "url": "#",
                    "title": "FIFA 19",
                    "description": "Jogo do FIFA 19",
                    "image": "fifa.jpg",
                    "preco": "199",
                    "ratings": "5",
                    "estoque":"10",
                    "imagensCarousel":["fifa.jpg", "fifa.jpg", "fifa.jpg", "fifa.jpg"]
                },
                {
                    "sku": "6",
                    "url": "#",
                    "title": "Pro Evolution Soccer 19",
                    "description": "Jogo do PES 19",
                    "image": "pes.jpg",
                    "preco": "199",
                    "ratings": "5",
                    "estoque":"10",
                    "imagensCarousel":["pes.jpg", "pes.jpg", "pes.jpg", "pes.jpg"]
                },
                {
                    "sku": "7",
                    "url": "#",
                    "title": "Need For Speed: Payback",
                    "description": "Jogo do NFS",
                    "image": "nfs.jpg",
                    "preco": "199",
                    "ratings": "5",
                    "estoque":"10",
                    "imagensCarousel":["nfs.jpg", "nfs.jpg", "nfs.jpg", "nfs.jpg"]
                },
                {
                    "sku": "8",
                    "url": "#",
                    "title": "NBA 2K19",
                    "description": "Jogo da NBA 19",
                    "image": "nba.jpg",
                    "preco": "199",
                    "ratings": "5",
                    "estoque":"10",
                    "imagensCarousel":["nba.jpg", "nba.jpg", "nba.jpg", "nba.jpg"]
                }
            ]
        },
        {
            "name": "Diversão",
            "data": [
                {
                    "sku": "9",
                    "url": "#",
                    "title": "Just Dance 2018",
                    "description": "Jogo do Just Dance",
                    "image": "justdance.png",
                    "preco": "199",
                    "ratings": "5",
                    "estoque":"10",
                    "imagensCarousel":["justdance.png", "justdance.png", "justdance.png", "justdance.png"]
                },
                {
                    "sku": "12",
                    "url": "#",
                    "title": "Scribblenauts Showdown",
                    "description": "Jogo do Scribblenauts Showdown",
                    "image": "sn.png",
                    "preco": "199",
                    "ratings": "5",
                    "estoque":"10",
                    "imagensCarousel":["scribble.png", "scribble.png", "scribble.png", "scribble.png"]
                }

            ]
        }
    ]
}