{
	"section": [
		{
			"name": "teste",
			"data": [
				{
					"sku": "1",
					"url": "#",
					"title": "Castlevania Symphony of the Night",
					"description": "Vivamus vitae mauris eget enim gravida eleifend. Nunc et diam dolor. Suspendisse dapibus turpis erim",
					"image": "imgCastlevania.jpg"
				},
				{
					"sku": "2",
					"url": "#",
					"title": "Homem Aranha",
					"description": "Quisque aliquet euismod justo, sit amet sodales eros sagittis ut. Aenean faucibus, est nec lobortis euismod, magna metus ultrices",
					"image": "imgHomemAranha.jpg"
				}
			]
		},
		{
			"name": "Esportes",
			"data": [
				{	
					"sku": "3",
					"url": "#",
					"title": "NBA 2k19",
					"description": "Donec nec elementum massa. Proin nulla lacus, imperdiet",
					"image": "imgNBA2k19.jpg"
				},
				{
					"sku": "4",
					"url": "#",
					"title": "Fifa 19",
					"description": "Nunc aliquet leo sem, nec sagittis velit tempor vitae",
					"image": "imgFifa19.jpeg"
				}
			]
		}
	]
}