{
    "section": [
        {
            "name": "Ação",
            "data": [
                {
                    "sku": "1",
                    "url": "#",
                    "title": "Marvel's Spider Man",
                    "description": "Jogo do Homem-Aranha",
                    "image": "homemaranha.jpg",
                    "preco": "179"
                },
                {
                    "sku": "2",
                    "url": "#",
                    "title": "Call of Duty: WWII",
                    "description": "Jogo do Call of Duty",
                    "image": "cod.jpg",
                    "preco": "199"
                },
                {
                    "sku": "3",
                    "url": "#",
                    "title": "Grand Theft Auto V",
                    "description": "Jogo do GTA",
                    "image": "gta.jpg",
                    "preco": "199"
                },
                {
                    "sku": "4",
                    "url": "#",
                    "title": "God of War",
                    "description": "Jogo do God of War",
                    "image": "gow.jpg",
                    "preco": "199"
                }
            ]
        },
        {
            "name": "Esportes",
            "data": [
                {	
                    "sku": "5",
                    "url": "#",
                    "title": "FIFA 19",
                    "description": "Jogo do FIFA 19",
                    "image": "fifa.jpg",
                    "preco": "189"
                },
                {
                    "sku": "6",
                    "url": "#",
                    "title": "Pro Evolution Soccer 19",
                    "description": "Jogo do PES 19",
                    "image": "pes.jpg",
                    "preco": "199"
                },
                {
                    "sku": "7",
                    "url": "#",
                    "title": "Need For Speed: Payback",
                    "description": "Jogo do NFS",
                    "image": "nfs.jpg",
                    "preco": "199"
                },
                {
                    "sku": "8",
                    "url": "#",
                    "title": "NBA 2K19",
                    "description": "Jogo da NBA 19",
                    "image": "nba.jpg",
                    "preco": "199"
                }
            ]
        },
        {
            "name": "Diversão",
            "data": [
                {
                    "sku": "9",
                    "url": "#",
                    "title": "Just Dance 2018",
                    "description": "Jogo do Just Dance",
                    "image": "justdance.jpg",
                    "preco": "199"
                },
                {
                    "sku": "10",
                    "url": "#",
                    "title": "Crash Bandicoot N.Sane Trilogy",
                    "description": "Jogo do Crash",
                    "image": "crash.jpg",
                    "preco": "199"
                },
                {
                    "sku": "11",
                    "url": "#",
                    "title": "South Park: A Fenda que Abunda Força",
                    "description": "Jogo do South Park",
                    "image": "sp.jpg",
                    "preco": "199"
                },
                {
                    "sku": "12",
                    "url": "#",
                    "title": "Scribblenauts Showdown",
                    "description": "Jogo do Scsudshdkaks",
                    "image": "scribble.jpg",
                    "preco": "199"
                }

            ]
        }
    ]
}